{
  "colors": {
    "light": {
      "themeName":"Light",
      "box": "#FFFFFF",
      "txtBox":"#000000",
      "primary": "#000000",
      "frame":"#dbf6fd",
      "txtFrame":"#000000",
      "linesColorOut":"#333333",
      "linesColorIns":"#333333"
    },
    "grey": {
      "themeName":"Grey",
      "box": "#f1f1f1",
      "txtBox":"#000000",
      "primary": "#000000",
      "frame": "#f1f1f1",
      "txtFrame":"#000000",
      "linesColorOut":"#333333",
      "linesColorIns":"#333333"
    },
    "orange": {
      "themeName":"Orange",
      "box": "#FFFFFF",
      "txtBox":"#000000",
      "primary": "#FFFFFF",
      "frame": "#ff693d",
      "txtFrame":"#FFFFFF",
      "linesColorOut":"#FFFFFF",
      "linesColorIns":"#333333"
    },
    "light_blue": {
      "themeName":"Light_Blue",
      "box": "#FFFFFF",
      "txtBox":"#000000",
      "primary": "#000000",
      "frame": "#c9cdff",
      "txtFrame":"#000000",
      "linesColorOut":"#333333",
      "linesColorIns":"#333333"
    },
    "pink": {
      "themeName":"Pink",
      "box": "#FFFFFF",
      "txtBox":"#000000",
      "primary": "#000000",
      "frame": "#fff6ed",
      "txtFrame":"#000000",
      "linesColorOut":"#333333",
      "linesColorIns":"#333333"
    },
    "black_and_white": {
      "themeName":"Black_And_White",
      "box": "#000000",
      "txtBox":"#FFFFFF",
      "primary": "#000000",
      "frame":"#FFFFFF",
      "txtFrame":"#000000",
      "linesColorOut":"#333333",
      "linesColorIns":"#FFFFFF"
    },
    "white": {
      "themeName":"White",
      "box": "#FFFFFF",
      "txtBox":"#000000",
      "primary": "#000000",
      "frame":"#FFFFFF",
      "txtFrame":"#000000",
      "linesColorOut":"#333333",
      "linesColorIns":"#333333"
    },
    "yellow": {
      "themeName":"Yellow",
      "box": "#FFFFFF",
      "txtBox":"#000000",
      "primary": "#000000",
      "frame":"#fffc95",
      "txtFrame":"#000000",
      "linesColorOut":"#000000",
      "linesColorIns":"#333333"
    },
    "purple": {
      "themeName":"Purple",
      "box": "#FFFFFF",
      "txtBox":"#000000",
      "primary": "#000000",
      "frame":"#6001d3",
      "txtFrame":"#FFFFFF",
      "linesColorOut":"#FFFFFF",
      "linesColorIns":"#333333"
    },
    "blue": {
      "themeName":"Blue",
      "box": "#FFFFFF",
      "txtBox":"#000000",
      "primary": "#000000",
      "frame":"#b8daff",
      "txtFrame":"#000000",
      "linesColorOut":"#000000",
      "linesColorIns":"#333333"
    },
    "light_orange": {
      "themeName":"Light_Orange",
      "box": "#ffdfb7",
      "txtBox":"#000000",
      "primary": "#000000",
      "frame":"#ffdfb7",
      "txtFrame":"#000000",
      "linesColorOut":"#000000",
      "linesColorIns":"#333333"
    }
  }
}
